Workbook
Name Slicer_Continent: #N/A
Name Slicer_Continent1: #N/A
Name Slicer_Continent2: #N/A
Name Slicer_Country: #N/A
Name Slicer_Country1: #N/A
Name Slicer_Country2: #N/A
Name Slicer_Wave: #N/A
Name Slicer_Wave1: #N/A

Sheet Summary
A1: Metric | B1: Value | C1: Notes
A2: Total Confirmed Deaths | B2: 3180223 | C2: Global cumulative through Apr 2021
A3: Total Confirmed Cases | B3: 151398759 | C3: Global cumulative through Apr 2021
A4: Case Fatality Rate (CFR) | B4: 0.021 | C4: Deaths / Confirmed Cases
A5: Countries & Territories | B5: 185+ | C5: Rows with continent data
A6: Dataset Rows | B6: 85172 | C6: One row per country per day
A7: Dataset Columns | B7: 59 | C7: Cases, deaths, vaccinations, demographics
A8: Data Period | B8: Jan 2020 – Apr 2021 | C8: 15 months of daily data
A9: Deadliest Month | B9: 44197 | C9: 411,021 new deaths globally
A10: Most Affected Continent | B10: Europe | C10: 1,016,750 deaths (32% of global)
A11: Leading Country | B11: United States | C11: 576,232 deaths – 18.1% of global
A12: Highest CFR Country | B12: Mexico | C12: 9.25% – likely severe case undercounting
A13: Lowest CFR (Top 10) | B13: India | C13: 0.0111

Sheet By Continent
A1: Continent | B1: Total Deaths | C1: Total Cases | D1: Share of Global Deaths %
A2: Europe | B2: 1016750 | C2: 39541253 | D2: 31.97
A3: North America | B3: 847942 | C3: 35264819 | D3: 26.66
A4: South America | B4: 672415 | C4: 14666852 | D4: 21.14
A5: Asia | B5: 520286 | C5: 59826124 | D5: 16.36
A6: Africa | B6: 121784 | C6: 4649741 | D6: 3.83
A7: Oceania | B7: 1046 | C7: 119970 | D7: 0.03

Sheet Top 10 Countries
A1: Rank | B1: Country | C1: Continent | D1: Total Deaths | E1: Total Cases | F1: CFR % | G1: Note
A2: 1 | B2: United States | C2: North America | D2: 576232 | E2: 32337511 | F2: 1.78
A3: 2 | B3: Brazil | C3: South America | D3: 403781 | E3: 14659011 | F3: 2.75
A4: 3 | B4: Mexico | C4: North America | D4: 216907 | E4: 234936 | F4: 9.25 | G4: Severe case undercounting likely
A5: 4 | B5: India | C5: Asia | D5: 211853 | E5: 19093942 | F5: 1.11
A6: 5 | B6: United Kingdom | C6: Europe | D6: 127775 | E6: 4433660 | F6: 2.88
A7: 6 | B7: Italy | C7: Europe | D7: 120807 | E7: 4022653 | F7: 3
A8: 7 | B8: Russia | C8: Europe | D8: 108290 | E8: 4741672 | F8: 2.28
A9: 8 | B9: France | C9: Europe | D9: 104675 | E9: 5685483 | F9: 1.84
A10: 9 | B10: Germany | C10: Europe | D10: 83097 | E10: 3398813 | F10: 2.44
A11: 10 | B11: Spain | C11: Europe | D11: 78216 | E11: 3519120 | F11: 2.22

Sheet Monthly Trend
A1: Month | B1: Year | C1: New Deaths | D1: Cumulative Deaths | E1: Wave
A2: 43831 | B2: 2020 | C2: 196 | D2: 196 | E2: Pre-wave
A3: 43862 | B3: 2020 | C3: 2723 | D3: 2919 | E3: Pre-wave
A4: 43891 | B4: 2020 | C4: 41581 | D4: 44500 | E4: 1st Wave rising
A5: 43922 | B5: 2020 | C5: 192885 | D5: 237385 | E5: 1st Wave peak
A6: 43952 | B6: 2020 | C6: 137618 | D6: 375003 | E6: 1st Wave declining
A7: 43983 | B7: 2020 | C7: 133145 | D7: 508148 | E7: Inter-wave
A8: 44013 | B8: 2020 | C8: 167327 | D8: 675475 | E8: Inter-wave
A9: 44044 | B9: 2020 | C9: 175564 | D9: 851039 | E9: Inter-wave
A10: 44075 | B10: 2020 | C10: 163905 | D10: 1014944 | E10: 2nd Wave early
A11: 44105 | B11: 2020 | C11: 181802 | D11: 1196746 | E11: 2nd Wave rising
A12: 44136 | B12: 2020 | C12: 274821 | D12: 1471567 | E12: 2nd Wave accelerating
A13: 44166 | B13: 2020 | C13: 353343 | D13: 1824910 | E13: 2nd Wave peak
... A17: 44287 | B17: 2021 | C17: 364156 | D17: 3180206 | E17: 3rd Wave rising

Sheet Chart 1
A1: COVID-19 GLOBAL DASHBOARD | P1: Month | Q1: New Deaths | R1: Cumulative Deaths | S1: Wave | U1: Continent | V1: Total Deaths | W1: Total Cases | Z1: Country | AA1: Total Cases | AB1: Total Deaths | AC1: Country (CFR) | AD1: CFR
A2: Global cumulative figures · Jan 2020 – Apr 2021 | P2: ='Monthly Trend'!A2 -> 43831 | Q2: ='Monthly Trend'!C2 -> 196 | R2: ='Monthly Trend'!D2 -> 196 | S2: ='Monthly Trend'!E2 -> Pre-wave | U2: ='Continent Analysis'!A2 -> Africa | V2: ='Continent Analysis'!C2 -> 121784 | W2: ='Continent Analysis'!B2 -> 4557699 | Z2: ='Country Analysis'!A2 -> United States | AA2: ='Country Analysis'!B2 -> 32346971 | AB2: ='Country Analysis'!C2 -> 576232 | AC2: =Z2 -> United States | AD2: =AB2/AA2 -> 0.017814095
P3: ='Monthly Trend'!A3 -> 43862 | Q3: ='Monthly Trend'!C3 -> 2723 | R3: ='Monthly Trend'!D3 -> 2919 | S3: ='Monthly Trend'!E3 -> Pre-wave | U3: ='Continent Analysis'!A3 -> Asia | V3: ='Continent Analysis'!C3 -> 520286 | W3: ='Continent Analysis'!B3 -> 39526308 | Z3: ='Country Analysis'!A3 -> Brazil | AA3: ='Country Analysis'!B3 -> 14659011 | AB3: ='Country Analysis'!C3 -> 403781 | AC3: =Z3 -> Brazil | AD3: =AB3/AA3 -> 0.027544901
A4: TOTAL CONFIRMED CASES | D4: TOTAL CONFIRMED DEATHS | G4: CASE FATALITY RATE | J4: COUNTRIES & TERRITORIES | P4: ='Monthly Trend'!A4 -> 43891 | Q4: ='Monthly Trend'!C4 -> 41581 | R4: ='Monthly Trend'!D4 -> 44500 | S4: ='Monthly Trend'!E4 -> 1st Wave rising | U4: ='Continent Analysis'!A4 -> Europe | V4: ='Continent Analysis'!C4 -> 1016750 | W4: ='Continent Analysis'!B4 -> 44863478 | Z4: ='Country Analysis'!A4 -> Mexico | AA4: ='Country Analysis'!B4 -> 2344755 | AB4: ='Country Analysis'!C4 -> 216907 | AC4: =Z4 -> Mexico | AD4: =AB4/AA4 -> 0.09250732
A5: =Summary!B3 -> 151398759 | D5: =Summary!B2 -> 3180223 | G5: =Summary!B4 -> 0.021 | J5: =Summary!B5 -> 185+ | P5: ='Monthly Trend'!A5 -> 43922 | Q5: ='Monthly Trend'!C5 -> 192885 | R5: ='Monthly Trend'!D5 -> 237385 | S5: ='Monthly Trend'!E5 -> 1st Wave peak | U5: ='Continent Analysis'!A5 -> North America | V5: ='Continent Analysis'!C5 -> 847942 | W5: ='Continent Analysis'!B5 -> 37529488 | Z5: ='Country Analysis'!A5 -> India | AA5: ='Country Analysis'!B5 -> 19164969 | AB5: ='Country Analysis'!C5 -> 211853 | AC5: =Z5 -> India | AD5: =AB5/AA5 -> 0.011054179
A6: Global cumulative through Apr 2021 | D6: Global cumulative through Apr 2021 | G6: Deaths / confirmed cases | J6: Most affected: Europe | P6: ='Monthly Trend'!A6 -> 43952 | Q6: ='Monthly Trend'!C6 -> 137618 | R6: ='Monthly Trend'!D6 -> 375003 | S6: ='Monthly Trend'!E6 -> 1st Wave declining | U6: ='Continent Analysis'!A6 -> Oceania | V6: ='Continent Analysis'!C6 -> 1046 | W6: ='Continent Analysis'!B6 -> 43570 | Z6: ='Country Analysis'!A6 -> United Kingdom | AA6: ='Country Analysis'!B6 -> 4432246 | AB6: ='Country Analysis'!C6 -> 127775 | AC6: =Z6 -> United Kingdom | AD6: =AB6/AA6 -> 0.028828499
P7: ='Monthly Trend'!A7 -> 43983 | Q7: ='Monthly Trend'!C7 -> 133145 | R7: ='Monthly Trend'!D7 -> 508148 | S7: ='Monthly Trend'!E7 -> Inter-wave | U7: ='Continent Analysis'!A7 -> South America | V7: ='Continent Analysis'!C7 -> 672415 | W7: ='Continent Analysis'!B7 -> 24878216 | Z7: ='Country Analysis'!A7 -> Italy | AA7: ='Country Analysis'!B7 -> 4022653 | AB7: ='Country Analysis'!C7 -> 120807 | AC7: =Z7 -> Italy | AD7: =AB7/AA7 -> 0.030031673
P8: ='Monthly Trend'!A8 -> 44013 | Q8: ='Monthly Trend'!C8 -> 167327 | R8: ='Monthly Trend'!D8 -> 675475 | S8: ='Monthly Trend'!E8 -> Inter-wave | Z8: ='Country Analysis'!A8 -> Russia | AA8: ='Country Analysis'!B8 -> 4750755 | AB8: ='Country Analysis'!C8 -> 108290 | AC8: =Z8 -> Russia | AD8: =AB8/AA8 -> 0.022794272
P9: ='Monthly Trend'!A9 -> 44044 | Q9: ='Monthly Trend'!C9 -> 175564 | R9: ='Monthly Trend'!D9 -> 851039 | S9: ='Monthly Trend'!E9 -> Inter-wave | Z9: ='Country Analysis'!A9 -> France | AA9: ='Country Analysis'!B9 -> 5677835 | AB9: ='Country Analysis'!C9 -> 104675 | AC9: =Z9 -> France | AD9: =AB9/AA9 -> 0.018435724
P10: ='Monthly Trend'!A10 -> 44075 | Q10: ='Monthly Trend'!C10 -> 163905 | R10: ='Monthly Trend'!D10 -> 1014944 | S10: ='Monthly Trend'!E10 -> 2nd Wave early | Z10: ='Country Analysis'!A10 -> Germany | AA10: ='Country Analysis'!B10 -> 3405365 | AB10: ='Country Analysis'!C10 -> 83097 | AC10: =Z10 -> Germany | AD10: =AB10/AA10 -> 0.02440179
P11: ='Monthly Trend'!A11 -> 44105 | Q11: ='Monthly Trend'!C11 -> 181802 | R11: ='Monthly Trend'!D11 -> 1196746 | S11: ='Monthly Trend'!E11 -> 2nd Wave rising | Z11: ='Country Analysis'!A11 -> Spain | AA11: ='Country Analysis'!B11 -> 3524077 | AB11: ='Country Analysis'!C11 -> 78216 | AC11: =Z11 -> Spain | AD11: =AB11/AA11 -> 0.022194748
P12: ='Monthly Trend'!A12 -> 44136 | Q12: ='Monthly Trend'!C12 -> 274821 | R12: ='Monthly Trend'!D12 -> 1471567 | S12: ='Monthly Trend'!E12 -> 2nd Wave accelerating
P13: ='Monthly Trend'!A13 -> 44166 | Q13: ='Monthly Trend'!C13 -> 353343 | R13: ='Monthly Trend'!D13 -> 1824910 | S13: ='Monthly Trend'!E13 -> 2nd Wave peak
P14: ='Monthly Trend'!A14 -> 44197 | Q14: ='Monthly Trend'!C14 -> 411021 | R14: ='Monthly Trend'!D14 -> 2235931 | S14: ='Monthly Trend'!E14 -> 2nd Wave peak (highest month)
P15: ='Monthly Trend'!A15 -> 44228 | Q15: ='Monthly Trend'!C15 -> 297465 | R15: ='Monthly Trend'!D15 -> 2533396 | S15: ='Monthly Trend'!E15 -> 2nd Wave declining
P16: ='Monthly Trend'!A16 -> 44256 | Q16: ='Monthly Trend'!C16 -> 282654 | R16: ='Monthly Trend'!D16 -> 2816050 | S16: ='Monthly Trend'!E16 -> 3rd Wave early
P17: ='Monthly Trend'!A17 -> 44287 | Q17: ='Monthly Trend'!C17 -> 364156 | R17: ='Monthly Trend'!D17 -> 3180206 | S17: ='Monthly Trend'!E17 -> 3rd Wave rising

Sheet Chart 2
A1: COVID-19 GLOBAL DASHBOARD
A2: Global cumulative figures · Jan 2020 – Apr 2021
A4: TOTAL CONFIRMED CASES | D4: TOTAL CONFIRMED DEATHS | G4: CASE FATALITY RATE | J4: COUNTRIES & TERRITORIES
A5: =Summary!B3 -> 151398759 | D5: =Summary!B2 -> 3180223 | G5: =Summary!B4 -> 0.021 | J5: =Summary!B5 -> 185+
A6: Global cumulative through Apr 2021 | D6: Global cumulative through Apr 2021 | G6: Deaths / confirmed cases | J6: Most affected: Europe

Sheet Chart 3
A1: COVID-19 GLOBAL DASHBOARD | P1: Country | Q1: Case Fatality Rate (%) | S1: Continent | T1: Total Deaths | U1: Total Cases
A2: Global cumulative figures · Jan 2020 – Apr 2021 | P2: ='Country CFR'!A2 -> Mexico | Q2: ='Country CFR'!B2 -> 9.25 | S2: ='Continent Analysis'!A2 -> Africa | T2: ='Continent Analysis'!C2 -> 121784 | U2: ='Continent Analysis'!B2 -> 4557699
P3: ='Country CFR'!A3 -> Italy | Q3: ='Country CFR'!B3 -> 3 | S3: ='Continent Analysis'!A3 -> Asia | T3: ='Continent Analysis'!C3 -> 520286 | U3: ='Continent Analysis'!B3 -> 39526308
A4: TOTAL CONFIRMED CASES | D4: TOTAL CONFIRMED DEATHS | G4: CASE FATALITY RATE | J4: COUNTRIES & TERRITORIES | P4: ='Country CFR'!A4 -> United Kingdom | Q4: ='Country CFR'!B4 -> 2.88 | S4: ='Continent Analysis'!A4 -> Europe | T4: ='Continent Analysis'!C4 -> 1016750 | U4: ='Continent Analysis'!B4 -> 44863478
A5: =Summary!B3 -> 151398759 | D5: =Summary!B2 -> 3180223 | G5: =Summary!B4 -> 0.021 | J5: =Summary!B5 -> 185+ | P5: ='Country CFR'!A5 -> Brazil | Q5: ='Country CFR'!B5 -> 2.75 | S5: ='Continent Analysis'!A5 -> North America | T5: ='Continent Analysis'!C5 -> 847942 | U5: ='Continent Analysis'!B5 -> 37529488
A6: Global cumulative through Apr 2021 | D6: Global cumulative through Apr 2021 | G6: Deaths / confirmed cases | J6: Most affected: Europe | P6: ='Country CFR'!A6 -> Germany | Q6: ='Country CFR'!B6 -> 2.44 | S6: ='Continent Analysis'!A6 -> Oceania | T6: ='Continent Analysis'!C6 -> 1046 | U6: ='Continent Analysis'!B6 -> 43570
P7: ='Country CFR'!A7 -> Russia | Q7: ='Country CFR'!B7 -> 2.28 | S7: ='Continent Analysis'!A7 -> South America | T7: ='Continent Analysis'!C7 -> 672415 | U7: ='Continent Analysis'!B7 -> 24878216
P8: ='Country CFR'!A8 -> Spain | Q8: ='Country CFR'!B8 -> 2.22
P9: ='Country CFR'!A9 -> France | Q9: ='Country CFR'!B9 -> 1.84
P10: ='Country CFR'!A10 -> United States | Q10: ='Country CFR'!B10 -> 1.78
P11: ='Country CFR'!A11 -> India | Q11: ='Country CFR'!B11 -> 1.11

Sheet Continent Analysis
A1: Continent | B1: Total Cases | C1: Total Deaths
A2: Africa | B2: 4557699 | C2: 121784
A3: Asia | B3: 39526308 | C3: 520286
A4: Europe | B4: 44863478 | C4: 1016750
A5: North America | B5: 37529488 | C5: 847942
A6: Oceania | B6: 43570 | C6: 1046
A7: South America | B7: 24878216 | C7: 672415

Sheet Country Analysis
A1: Country | B1: Total Cases | C1: Total Deaths
A2: United States | B2: 32346971 | C2: 576232
A3: Brazil | B3: 14659011 | C3: 403781
A4: Mexico | B4: 2344755 | C4: 216907
A5: India | B5: 19164969 | C5: 211853
A6: United Kingdom | B6: 4432246 | C6: 127775
A7: Italy | B7: 4022653 | C7: 120807
A8: Russia | B8: 4750755 | C8: 108290
A9: France | B9: 5677835 | C9: 104675
A10: Germany | B10: 3405365 | C10: 83097
A11: Spain | B11: 3524077 | C11: 78216

Sheet Global Death Share
A1: Continent | B1: Total Deaths | C1: Share of Global Deaths (%)
A2: Europe | B2: 1016750 | C2: 31.97
A3: North America | B3: 847942 | C3: 26.66
A4: South America | B4: 672415 | C4: 21.14
A5: Asia | B5: 520286 | C5: 16.36
A6: Africa | B6: 121784 | C6: 3.83
A7: Oceania | B7: 1046 | C7: 0.03

Sheet Country CFR
A1: Country | B1: Case Fatality Rate (%)
A2: Mexico | B2: 9.25
A3: Italy | B3: 3
A4: United Kingdom | B4: 2.88
A5: Brazil | B5: 2.75
A6: Germany | B6: 2.44
A7: Russia | B7: 2.28
A8: Spain | B8: 2.22
A9: France | B9: 1.84
A10: United States | B10: 1.78
A11: India | B11: 1.11
